REGION,FUEL,YEAR,VALUE
REGION1,ATE2,2015,227.594
REGION1,ATE2,2016,239.117
REGION1,ATE2,2017,250.639
REGION1,ATE2,2018,262.162
REGION1,ATE2,2019,273.684
REGION1,ATE2,2020,285.206
REGION1,ATE2,2021,296.729
REGION1,ATE2,2022,308.251
REGION1,ATE2,2023,319.774
REGION1,ATE2,2024,331.296
REGION1,ATE2,2025,342.818
REGION1,ATE2,2026,354.341
REGION1,ATE2,2027,365.863
REGION1,ATE2,2028,377.386
REGION1,ATE2,2029,388.908
REGION1,ATE2,2030,400.43
REGION1,ATE2,2031,411.953
REGION1,ATE2,2032,423.475
REGION1,ATE2,2033,434.998
REGION1,ATE2,2034,446.52
REGION1,ATE2,2035,458.042
REGION1,ATE2,2036,469.565
REGION1,ATE2,2037,481.087
REGION1,ATE2,2038,492.61
REGION1,ATE2,2039,504.132
REGION1,ATE2,2040,515.654
REGION1,ATE2,2041,527.177
REGION1,ATE2,2042,538.699
REGION1,ATE2,2043,550.221
REGION1,ATE2,2044,561.744
REGION1,ATE2,2045,573.266
REGION1,ATE2,2046,584.789
REGION1,ATE2,2047,596.311
REGION1,ATE2,2048,607.833
REGION1,ATE2,2049,619.356
REGION1,ATE2,2050,630.878
REGION1,ATE2,2051,642.401
REGION1,ATE2,2052,653.923
REGION1,ATE2,2053,665.445
REGION1,ATE2,2054,676.968
REGION1,ATE2,2055,688.49
REGION1,ATE2,2056,700.013
REGION1,ATE2,2057,711.535
REGION1,ATE2,2058,723.057
REGION1,ATE2,2059,734.58
REGION1,ATE2,2060,746.102
REGION1,BEE2,2015,294.458
REGION1,BEE2,2016,309.574
REGION1,BEE2,2017,324.69
REGION1,BEE2,2018,339.806
REGION1,BEE2,2019,354.921
REGION1,BEE2,2020,370.037
REGION1,BEE2,2021,385.153
REGION1,BEE2,2022,400.269
REGION1,BEE2,2023,415.385
REGION1,BEE2,2024,430.501
REGION1,BEE2,2025,445.617
REGION1,BEE2,2026,460.733
REGION1,BEE2,2027,475.849
REGION1,BEE2,2028,490.965
REGION1,BEE2,2029,506.081
REGION1,BEE2,2030,521.197
REGION1,BEE2,2031,536.313
REGION1,BEE2,2032,551.429
REGION1,BEE2,2033,566.545
REGION1,BEE2,2034,581.661
REGION1,BEE2,2035,596.777
REGION1,BEE2,2036,611.893
REGION1,BEE2,2037,627.009
REGION1,BEE2,2038,642.125
REGION1,BEE2,2039,657.241
REGION1,BEE2,2040,672.357
REGION1,BEE2,2041,687.473
REGION1,BEE2,2042,702.589
REGION1,BEE2,2043,717.704
REGION1,BEE2,2044,732.82
REGION1,BEE2,2045,747.936
REGION1,BEE2,2046,763.052
REGION1,BEE2,2047,778.168
REGION1,BEE2,2048,793.284
REGION1,BEE2,2049,808.4
REGION1,BEE2,2050,823.516
REGION1,BEE2,2051,838.632
REGION1,BEE2,2052,853.748
REGION1,BEE2,2053,868.864
REGION1,BEE2,2054,883.98
REGION1,BEE2,2055,899.096
REGION1,BEE2,2056,914.212
REGION1,BEE2,2057,929.328
REGION1,BEE2,2058,944.444
REGION1,BEE2,2059,959.56
REGION1,BEE2,2060,974.676
REGION1,BGE2,2015,99.73
REGION1,BGE2,2016,104.629
REGION1,BGE2,2017,109.528
REGION1,BGE2,2018,114.427
REGION1,BGE2,2019,119.326
REGION1,BGE2,2020,124.225
REGION1,BGE2,2021,129.124
REGION1,BGE2,2022,134.023
REGION1,BGE2,2023,138.923
REGION1,BGE2,2024,143.822
REGION1,BGE2,2025,148.721
REGION1,BGE2,2026,153.62
REGION1,BGE2,2027,158.519
REGION1,BGE2,2028,163.418
REGION1,BGE2,2029,168.317
REGION1,BGE2,2030,173.216
REGION1,BGE2,2031,178.116
REGION1,BGE2,2032,183.015
REGION1,BGE2,2033,187.914
REGION1,BGE2,2034,192.813
REGION1,BGE2,2035,197.712
REGION1,BGE2,2036,202.611
REGION1,BGE2,2037,207.51
REGION1,BGE2,2038,212.409
REGION1,BGE2,2039,217.308
REGION1,BGE2,2040,222.208
REGION1,BGE2,2041,227.107
REGION1,BGE2,2042,232.006
REGION1,BGE2,2043,236.905
REGION1,BGE2,2044,241.804
REGION1,BGE2,2045,246.703
REGION1,BGE2,2046,251.602
REGION1,BGE2,2047,256.501
REGION1,BGE2,2048,261.401
REGION1,BGE2,2049,266.3
REGION1,BGE2,2050,271.199
REGION1,BGE2,2051,276.098
REGION1,BGE2,2052,280.997
REGION1,BGE2,2053,285.896
REGION1,BGE2,2054,290.795
REGION1,BGE2,2055,295.694
REGION1,BGE2,2056,300.594
REGION1,BGE2,2057,305.493
REGION1,BGE2,2058,310.392
REGION1,BGE2,2059,315.291
REGION1,BGE2,2060,320.19
REGION1,CHE2,2015,222.642
REGION1,CHE2,2016,232.267
REGION1,CHE2,2017,241.892
REGION1,CHE2,2018,251.517
REGION1,CHE2,2019,261.142
REGION1,CHE2,2020,270.767
REGION1,CHE2,2021,280.392
REGION1,CHE2,2022,290.017
REGION1,CHE2,2023,299.642
REGION1,CHE2,2024,309.267
REGION1,CHE2,2025,318.892
REGION1,CHE2,2026,328.517
REGION1,CHE2,2027,338.142
REGION1,CHE2,2028,347.767
REGION1,CHE2,2029,357.392
REGION1,CHE2,2030,367.017
REGION1,CHE2,2031,376.642
REGION1,CHE2,2032,386.267
REGION1,CHE2,2033,395.892
REGION1,CHE2,2034,405.517
REGION1,CHE2,2035,415.142
REGION1,CHE2,2036,424.767
REGION1,CHE2,2037,434.392
REGION1,CHE2,2038,444.017
REGION1,CHE2,2039,453.642
REGION1,CHE2,2040,463.267
REGION1,CHE2,2041,472.892
REGION1,CHE2,2042,482.517
REGION1,CHE2,2043,492.142
REGION1,CHE2,2044,501.767
REGION1,CHE2,2045,511.392
REGION1,CHE2,2046,521.017
REGION1,CHE2,2047,530.642
REGION1,CHE2,2048,540.267
REGION1,CHE2,2049,549.892
REGION1,CHE2,2050,559.517
REGION1,CHE2,2051,569.142
REGION1,CHE2,2052,578.767
REGION1,CHE2,2053,588.391
REGION1,CHE2,2054,598.016
REGION1,CHE2,2055,607.641
REGION1,CHE2,2056,617.266
REGION1,CHE2,2057,626.891
REGION1,CHE2,2058,636.516
REGION1,CHE2,2059,646.141
REGION1,CHE2,2060,655.766
REGION1,CYE2,2015,15.072
REGION1,CYE2,2016,16.117
REGION1,CYE2,2017,17.162
REGION1,CYE2,2018,18.206
REGION1,CYE2,2019,19.251
REGION1,CYE2,2020,20.296
REGION1,CYE2,2021,21.34
REGION1,CYE2,2022,22.385
REGION1,CYE2,2023,23.43
REGION1,CYE2,2024,24.474
REGION1,CYE2,2025,25.519
REGION1,CYE2,2026,26.564
REGION1,CYE2,2027,27.608
REGION1,CYE2,2028,28.653
REGION1,CYE2,2029,29.698
REGION1,CYE2,2030,30.742
REGION1,CYE2,2031,31.787
REGION1,CYE2,2032,32.832
REGION1,CYE2,2033,33.876
REGION1,CYE2,2034,34.921
REGION1,CYE2,2035,35.966
REGION1,CYE2,2036,37.01
REGION1,CYE2,2037,38.055
REGION1,CYE2,2038,39.1
REGION1,CYE2,2039,40.144
REGION1,CYE2,2040,41.189
REGION1,CYE2,2041,42.234
REGION1,CYE2,2042,43.278
REGION1,CYE2,2043,44.323
REGION1,CYE2,2044,45.368
REGION1,CYE2,2045,46.412
REGION1,CYE2,2046,47.457
REGION1,CYE2,2047,48.502
REGION1,CYE2,2048,49.546
REGION1,CYE2,2049,50.591
REGION1,CYE2,2050,51.636
REGION1,CYE2,2051,52.68
REGION1,CYE2,2052,53.725
REGION1,CYE2,2053,54.77
REGION1,CYE2,2054,55.814
REGION1,CYE2,2055,56.859
REGION1,CYE2,2056,57.904
REGION1,CYE2,2057,58.948
REGION1,CYE2,2058,59.993
REGION1,CYE2,2059,61.038
REGION1,CYE2,2060,62.082
REGION1,CZE2,2015,209.842
REGION1,CZE2,2016,221.057
REGION1,CZE2,2017,232.272
REGION1,CZE2,2018,243.487
REGION1,CZE2,2019,254.701
REGION1,CZE2,2020,265.916
REGION1,CZE2,2021,277.131
REGION1,CZE2,2022,288.346
REGION1,CZE2,2023,299.56
REGION1,CZE2,2024,310.775
REGION1,CZE2,2025,321.99
REGION1,CZE2,2026,333.205
REGION1,CZE2,2027,344.42
REGION1,CZE2,2028,355.634
REGION1,CZE2,2029,366.849
REGION1,CZE2,2030,378.064
REGION1,CZE2,2031,389.279
REGION1,CZE2,2032,400.493
REGION1,CZE2,2033,411.708
REGION1,CZE2,2034,422.923
REGION1,CZE2,2035,434.138
REGION1,CZE2,2036,445.352
REGION1,CZE2,2037,456.567
REGION1,CZE2,2038,467.782
REGION1,CZE2,2039,478.997
REGION1,CZE2,2040,490.211
REGION1,CZE2,2041,501.426
REGION1,CZE2,2042,512.641
REGION1,CZE2,2043,523.856
REGION1,CZE2,2044,535.07
REGION1,CZE2,2045,546.285
REGION1,CZE2,2046,557.5
REGION1,CZE2,2047,568.715
REGION1,CZE2,2048,579.929
REGION1,CZE2,2049,591.144
REGION1,CZE2,2050,602.359
REGION1,CZE2,2051,613.574
REGION1,CZE2,2052,624.788
REGION1,CZE2,2053,636.003
REGION1,CZE2,2054,647.218
REGION1,CZE2,2055,658.433
REGION1,CZE2,2056,669.648
REGION1,CZE2,2057,680.862
REGION1,CZE2,2058,692.077
REGION1,CZE2,2059,703.292
REGION1,CZE2,2060,714.507
REGION1,DEE2,2015,1879.036
REGION1,DEE2,2016,1951.512
REGION1,DEE2,2017,2023.988
REGION1,DEE2,2018,2096.465
REGION1,DEE2,2019,2168.941
REGION1,DEE2,2020,2241.417
REGION1,DEE2,2021,2313.893
REGION1,DEE2,2022,2386.37
REGION1,DEE2,2023,2458.846
REGION1,DEE2,2024,2531.322
REGION1,DEE2,2025,2603.798
REGION1,DEE2,2026,2676.275
REGION1,DEE2,2027,2748.751
REGION1,DEE2,2028,2821.227
REGION1,DEE2,2029,2893.703
REGION1,DEE2,2030,2966.18
REGION1,DEE2,2031,3038.656
REGION1,DEE2,2032,3111.132
REGION1,DEE2,2033,3183.608
REGION1,DEE2,2034,3256.085
REGION1,DEE2,2035,3328.561
REGION1,DEE2,2036,3401.037
REGION1,DEE2,2037,3473.513
REGION1,DEE2,2038,3545.99
REGION1,DEE2,2039,3618.466
REGION1,DEE2,2040,3690.942
REGION1,DEE2,2041,3763.418
REGION1,DEE2,2042,3835.895
REGION1,DEE2,2043,3908.371
REGION1,DEE2,2044,3980.847
REGION1,DEE2,2045,4053.323
REGION1,DEE2,2046,4125.8
REGION1,DEE2,2047,4198.276
REGION1,DEE2,2048,4270.752
REGION1,DEE2,2049,4343.229
REGION1,DEE2,2050,4415.705
REGION1,DEE2,2051,4488.181
REGION1,DEE2,2052,4560.657
REGION1,DEE2,2053,4633.134
REGION1,DEE2,2054,4705.61
REGION1,DEE2,2055,4778.086
REGION1,DEE2,2056,4850.562
REGION1,DEE2,2057,4923.039
REGION1,DEE2,2058,4995.515
REGION1,DEE2,2059,5067.991
REGION1,DEE2,2060,5140.467
REGION1,DKE2,2015,114.425
REGION1,DKE2,2016,120.838
REGION1,DKE2,2017,127.25
REGION1,DKE2,2018,133.663
REGION1,DKE2,2019,140.076
REGION1,DKE2,2020,146.488
REGION1,DKE2,2021,152.901
REGION1,DKE2,2022,159.313
REGION1,DKE2,2023,165.726
REGION1,DKE2,2024,172.138
REGION1,DKE2,2025,178.551
REGION1,DKE2,2026,184.964
REGION1,DKE2,2027,191.376
REGION1,DKE2,2028,197.789
REGION1,DKE2,2029,204.201
REGION1,DKE2,2030,210.614
REGION1,DKE2,2031,217.027
REGION1,DKE2,2032,223.439
REGION1,DKE2,2033,229.852
REGION1,DKE2,2034,236.264
REGION1,DKE2,2035,242.677
REGION1,DKE2,2036,249.089
REGION1,DKE2,2037,255.502
REGION1,DKE2,2038,261.915
REGION1,DKE2,2039,268.327
REGION1,DKE2,2040,274.74
REGION1,DKE2,2041,281.152
REGION1,DKE2,2042,287.565
REGION1,DKE2,2043,293.978
REGION1,DKE2,2044,300.39
REGION1,DKE2,2045,306.803
REGION1,DKE2,2046,313.215
REGION1,DKE2,2047,319.628
REGION1,DKE2,2048,326.04
REGION1,DKE2,2049,332.453
REGION1,DKE2,2050,338.866
REGION1,DKE2,2051,345.278
REGION1,DKE2,2052,351.691
REGION1,DKE2,2053,358.103
REGION1,DKE2,2054,364.516
REGION1,DKE2,2055,370.929
REGION1,DKE2,2056,377.341
REGION1,DKE2,2057,383.754
REGION1,DKE2,2058,390.166
REGION1,DKE2,2059,396.579
REGION1,DKE2,2060,402.991
REGION1,EEE2,2015,25.707
REGION1,EEE2,2016,27.098
REGION1,EEE2,2017,28.489
REGION1,EEE2,2018,29.88
REGION1,EEE2,2019,31.272
REGION1,EEE2,2020,32.663
REGION1,EEE2,2021,34.054
REGION1,EEE2,2022,35.445
REGION1,EEE2,2023,36.836
REGION1,EEE2,2024,38.228
REGION1,EEE2,2025,39.619
REGION1,EEE2,2026,41.01
REGION1,EEE2,2027,42.401
REGION1,EEE2,2028,43.792
REGION1,EEE2,2029,45.183
REGION1,EEE2,2030,46.575
REGION1,EEE2,2031,47.966
REGION1,EEE2,2032,49.357
REGION1,EEE2,2033,50.748
REGION1,EEE2,2034,52.139
REGION1,EEE2,2035,53.53
REGION1,EEE2,2036,54.922
REGION1,EEE2,2037,56.313
REGION1,EEE2,2038,57.704
REGION1,EEE2,2039,59.095
REGION1,EEE2,2040,60.486
REGION1,EEE2,2041,61.878
REGION1,EEE2,2042,63.269
REGION1,EEE2,2043,64.66
REGION1,EEE2,2044,66.051
REGION1,EEE2,2045,67.442
REGION1,EEE2,2046,68.833
REGION1,EEE2,2047,70.225
REGION1,EEE2,2048,71.616
REGION1,EEE2,2049,73.007
REGION1,EEE2,2050,74.398
REGION1,EEE2,2051,75.789
REGION1,EEE2,2052,77.18
REGION1,EEE2,2053,78.572
REGION1,EEE2,2054,79.963
REGION1,EEE2,2055,81.354
REGION1,EEE2,2056,82.745
REGION1,EEE2,2057,84.136
REGION1,EEE2,2058,85.528
REGION1,EEE2,2059,86.919
REGION1,EEE2,2060,88.31
REGION1,ESE2,2015,839.746
REGION1,ESE2,2016,879.06
REGION1,ESE2,2017,918.374
REGION1,ESE2,2018,957.688
REGION1,ESE2,2019,997.002
REGION1,ESE2,2020,1036.316
REGION1,ESE2,2021,1075.63
REGION1,ESE2,2022,1114.944
REGION1,ESE2,2023,1154.258
REGION1,ESE2,2024,1193.572
REGION1,ESE2,2025,1232.886
REGION1,ESE2,2026,1272.2
REGION1,ESE2,2027,1311.514
REGION1,ESE2,2028,1350.828
REGION1,ESE2,2029,1390.142
REGION1,ESE2,2030,1429.456
REGION1,ESE2,2031,1468.77
REGION1,ESE2,2032,1508.084
REGION1,ESE2,2033,1547.398
REGION1,ESE2,2034,1586.712
REGION1,ESE2,2035,1626.026
REGION1,ESE2,2036,1665.34
REGION1,ESE2,2037,1704.654
REGION1,ESE2,2038,1743.968
REGION1,ESE2,2039,1783.282
REGION1,ESE2,2040,1822.595
REGION1,ESE2,2041,1861.909
REGION1,ESE2,2042,1901.223
REGION1,ESE2,2043,1940.537
REGION1,ESE2,2044,1979.851
REGION1,ESE2,2045,2019.165
REGION1,ESE2,2046,2058.479
REGION1,ESE2,2047,2097.793
REGION1,ESE2,2048,2137.107
REGION1,ESE2,2049,2176.421
REGION1,ESE2,2050,2215.735
REGION1,ESE2,2051,2255.049
REGION1,ESE2,2052,2294.363
REGION1,ESE2,2053,2333.677
REGION1,ESE2,2054,2372.991
REGION1,ESE2,2055,2412.305
REGION1,ESE2,2056,2451.619
REGION1,ESE2,2057,2490.933
REGION1,ESE2,2058,2530.247
REGION1,ESE2,2059,2569.561
REGION1,ESE2,2060,2608.875
REGION1,FIE2,2015,284.2
REGION1,FIE2,2016,296.965
REGION1,FIE2,2017,309.729
REGION1,FIE2,2018,322.494
REGION1,FIE2,2019,335.258
REGION1,FIE2,2020,348.023
REGION1,FIE2,2021,360.788
REGION1,FIE2,2022,373.552
REGION1,FIE2,2023,386.317
REGION1,FIE2,2024,399.081
REGION1,FIE2,2025,411.846
REGION1,FIE2,2026,424.611
REGION1,FIE2,2027,437.375
REGION1,FIE2,2028,450.14
REGION1,FIE2,2029,462.905
REGION1,FIE2,2030,475.669
REGION1,FIE2,2031,488.434
REGION1,FIE2,2032,501.198
REGION1,FIE2,2033,513.963
REGION1,FIE2,2034,526.728
REGION1,FIE2,2035,539.492
REGION1,FIE2,2036,552.257
REGION1,FIE2,2037,565.021
REGION1,FIE2,2038,577.786
REGION1,FIE2,2039,590.551
REGION1,FIE2,2040,603.315
REGION1,FIE2,2041,616.08
REGION1,FIE2,2042,628.845
REGION1,FIE2,2043,641.609
REGION1,FIE2,2044,654.374
REGION1,FIE2,2045,667.138
REGION1,FIE2,2046,679.903
REGION1,FIE2,2047,692.668
REGION1,FIE2,2048,705.432
REGION1,FIE2,2049,718.197
REGION1,FIE2,2050,730.961
REGION1,FIE2,2051,743.726
REGION1,FIE2,2052,756.491
REGION1,FIE2,2053,769.255
REGION1,FIE2,2054,782.02
REGION1,FIE2,2055,794.784
REGION1,FIE2,2056,807.549
REGION1,FIE2,2057,820.314
REGION1,FIE2,2058,833.078
REGION1,FIE2,2059,845.843
REGION1,FIE2,2060,858.608
REGION1,FRE2,2015,1582.108
REGION1,FRE2,2016,1656.035
REGION1,FRE2,2017,1729.963
REGION1,FRE2,2018,1803.891
REGION1,FRE2,2019,1877.818
REGION1,FRE2,2020,1951.746
REGION1,FRE2,2021,2025.673
REGION1,FRE2,2022,2099.601
REGION1,FRE2,2023,2173.528
REGION1,FRE2,2024,2247.456
REGION1,FRE2,2025,2321.383
REGION1,FRE2,2026,2395.311
REGION1,FRE2,2027,2469.238
REGION1,FRE2,2028,2543.166
REGION1,FRE2,2029,2617.093
REGION1,FRE2,2030,2691.021
REGION1,FRE2,2031,2764.948
REGION1,FRE2,2032,2838.876
REGION1,FRE2,2033,2912.803
REGION1,FRE2,2034,2986.731
REGION1,FRE2,2035,3060.658
REGION1,FRE2,2036,3134.586
REGION1,FRE2,2037,3208.513
REGION1,FRE2,2038,3282.441
REGION1,FRE2,2039,3356.368
REGION1,FRE2,2040,3430.296
REGION1,FRE2,2041,3504.223
REGION1,FRE2,2042,3578.151
REGION1,FRE2,2043,3652.078
REGION1,FRE2,2044,3726.006
REGION1,FRE2,2045,3799.933
REGION1,FRE2,2046,3873.861
REGION1,FRE2,2047,3947.789
REGION1,FRE2,2048,4021.716
REGION1,FRE2,2049,4095.644
REGION1,FRE2,2050,4169.571
REGION1,FRE2,2051,4243.499
REGION1,FRE2,2052,4317.426
REGION1,FRE2,2053,4391.354
REGION1,FRE2,2054,4465.281
REGION1,FRE2,2055,4539.209
REGION1,FRE2,2056,4613.136
REGION1,FRE2,2057,4687.064
REGION1,FRE2,2058,4760.991
REGION1,FRE2,2059,4834.919
REGION1,FRE2,2060,4908.846
REGION1,GRE2,2015,184.094
REGION1,GRE2,2016,191.104
REGION1,GRE2,2017,198.115
REGION1,GRE2,2018,205.126
REGION1,GRE2,2019,212.137
REGION1,GRE2,2020,219.148
REGION1,GRE2,2021,226.158
REGION1,GRE2,2022,233.169
REGION1,GRE2,2023,240.18
REGION1,GRE2,2024,247.191
REGION1,GRE2,2025,254.202
REGION1,GRE2,2026,261.213
REGION1,GRE2,2027,268.223
REGION1,GRE2,2028,275.234
REGION1,GRE2,2029,282.245
REGION1,GRE2,2030,289.256
REGION1,GRE2,2031,296.267
REGION1,GRE2,2032,303.277
REGION1,GRE2,2033,310.288
REGION1,GRE2,2034,317.299
REGION1,GRE2,2035,324.31
REGION1,GRE2,2036,331.321
REGION1,GRE2,2037,338.331
REGION1,GRE2,2038,345.342
REGION1,GRE2,2039,352.353
REGION1,GRE2,2040,359.364
REGION1,GRE2,2041,366.375
REGION1,GRE2,2042,373.385
REGION1,GRE2,2043,380.396
REGION1,GRE2,2044,387.407
REGION1,GRE2,2045,394.418
REGION1,GRE2,2046,401.429
REGION1,GRE2,2047,408.439
REGION1,GRE2,2048,415.45
REGION1,GRE2,2049,422.461
REGION1,GRE2,2050,429.472
REGION1,GRE2,2051,436.483
REGION1,GRE2,2052,443.494
REGION1,GRE2,2053,450.504
REGION1,GRE2,2054,457.515
REGION1,GRE2,2055,464.526
REGION1,GRE2,2056,471.537
REGION1,GRE2,2057,478.548
REGION1,GRE2,2058,485.558
REGION1,GRE2,2059,492.569
REGION1,GRE2,2060,499.58
REGION1,HRE2,2015,55.14
REGION1,HRE2,2016,58.024
REGION1,HRE2,2017,60.907
REGION1,HRE2,2018,63.79
REGION1,HRE2,2019,66.674
REGION1,HRE2,2020,69.557
REGION1,HRE2,2021,72.441
REGION1,HRE2,2022,75.324
REGION1,HRE2,2023,78.207
REGION1,HRE2,2024,81.091
REGION1,HRE2,2025,83.974
REGION1,HRE2,2026,86.857
REGION1,HRE2,2027,89.741
REGION1,HRE2,2028,92.624
REGION1,HRE2,2029,95.508
REGION1,HRE2,2030,98.391
REGION1,HRE2,2031,101.274
REGION1,HRE2,2032,104.158
REGION1,HRE2,2033,107.041
REGION1,HRE2,2034,109.925
REGION1,HRE2,2035,112.808
REGION1,HRE2,2036,115.691
REGION1,HRE2,2037,118.575
REGION1,HRE2,2038,121.458
REGION1,HRE2,2039,124.342
REGION1,HRE2,2040,127.225
REGION1,HRE2,2041,130.108
REGION1,HRE2,2042,132.992
REGION1,HRE2,2043,135.875
REGION1,HRE2,2044,138.759
REGION1,HRE2,2045,141.642
REGION1,HRE2,2046,144.525
REGION1,HRE2,2047,147.409
REGION1,HRE2,2048,150.292
REGION1,HRE2,2049,153.176
REGION1,HRE2,2050,156.059
REGION1,HRE2,2051,158.942
REGION1,HRE2,2052,161.826
REGION1,HRE2,2053,164.709
REGION1,HRE2,2054,167.592
REGION1,HRE2,2055,170.476
REGION1,HRE2,2056,173.359
REGION1,HRE2,2057,176.243
REGION1,HRE2,2058,179.126
REGION1,HRE2,2059,182.009
REGION1,HRE2,2060,184.893
REGION1,HUE2,2015,124.641
REGION1,HUE2,2016,131.349
REGION1,HUE2,2017,138.057
REGION1,HUE2,2018,144.764
REGION1,HUE2,2019,151.472
REGION1,HUE2,2020,158.18
REGION1,HUE2,2021,164.888
REGION1,HUE2,2022,171.596
REGION1,HUE2,2023,178.303
REGION1,HUE2,2024,185.011
REGION1,HUE2,2025,191.719
REGION1,HUE2,2026,198.427
REGION1,HUE2,2027,205.135
REGION1,HUE2,2028,211.842
REGION1,HUE2,2029,218.55
REGION1,HUE2,2030,225.258
REGION1,HUE2,2031,231.966
REGION1,HUE2,2032,238.673
REGION1,HUE2,2033,245.381
REGION1,HUE2,2034,252.089
REGION1,HUE2,2035,258.797
REGION1,HUE2,2036,265.505
REGION1,HUE2,2037,272.212
REGION1,HUE2,2038,278.92
REGION1,HUE2,2039,285.628
REGION1,HUE2,2040,292.336
REGION1,HUE2,2041,299.044
REGION1,HUE2,2042,305.751
REGION1,HUE2,2043,312.459
REGION1,HUE2,2044,319.167
REGION1,HUE2,2045,325.875
REGION1,HUE2,2046,332.583
REGION1,HUE2,2047,339.29
REGION1,HUE2,2048,345.998
REGION1,HUE2,2049,352.706
REGION1,HUE2,2050,359.414
REGION1,HUE2,2051,366.121
REGION1,HUE2,2052,372.829
REGION1,HUE2,2053,379.537
REGION1,HUE2,2054,386.245
REGION1,HUE2,2055,392.953
REGION1,HUE2,2056,399.66
REGION1,HUE2,2057,406.368
REGION1,HUE2,2058,413.076
REGION1,HUE2,2059,419.784
REGION1,HUE2,2060,426.492
REGION1,IEE2,2015,88.216
REGION1,IEE2,2016,93.067
REGION1,IEE2,2017,97.918
REGION1,IEE2,2018,102.769
REGION1,IEE2,2019,107.62
REGION1,IEE2,2020,112.471
REGION1,IEE2,2021,117.322
REGION1,IEE2,2022,122.173
REGION1,IEE2,2023,127.024
REGION1,IEE2,2024,131.875
REGION1,IEE2,2025,136.726
REGION1,IEE2,2026,141.577
REGION1,IEE2,2027,146.428
REGION1,IEE2,2028,151.279
REGION1,IEE2,2029,156.13
REGION1,IEE2,2030,160.981
REGION1,IEE2,2031,165.832
REGION1,IEE2,2032,170.683
REGION1,IEE2,2033,175.534
REGION1,IEE2,2034,180.385
REGION1,IEE2,2035,185.237
REGION1,IEE2,2036,190.088
REGION1,IEE2,2037,194.939
REGION1,IEE2,2038,199.79
REGION1,IEE2,2039,204.641
REGION1,IEE2,2040,209.492
REGION1,IEE2,2041,214.343
REGION1,IEE2,2042,219.194
REGION1,IEE2,2043,224.045
REGION1,IEE2,2044,228.896
REGION1,IEE2,2045,233.747
REGION1,IEE2,2046,238.598
REGION1,IEE2,2047,243.449
REGION1,IEE2,2048,248.3
REGION1,IEE2,2049,253.151
REGION1,IEE2,2050,258.002
REGION1,IEE2,2051,262.853
REGION1,IEE2,2052,267.704
REGION1,IEE2,2053,272.555
REGION1,IEE2,2054,277.406
REGION1,IEE2,2055,282.257
REGION1,IEE2,2056,287.108
REGION1,IEE2,2057,291.959
REGION1,IEE2,2058,296.81
REGION1,IEE2,2059,301.661
REGION1,IEE2,2060,306.512
REGION1,ITE2,2015,1058.76
REGION1,ITE2,2016,1114.432
REGION1,ITE2,2017,1170.104
REGION1,ITE2,2018,1225.777
REGION1,ITE2,2019,1281.449
REGION1,ITE2,2020,1337.121
REGION1,ITE2,2021,1392.793
REGION1,ITE2,2022,1448.465
REGION1,ITE2,2023,1504.137
REGION1,ITE2,2024,1559.81
REGION1,ITE2,2025,1615.482
REGION1,ITE2,2026,1671.154
REGION1,ITE2,2027,1726.826
REGION1,ITE2,2028,1782.498
REGION1,ITE2,2029,1838.17
REGION1,ITE2,2030,1893.843
REGION1,ITE2,2031,1949.515
REGION1,ITE2,2032,2005.187
REGION1,ITE2,2033,2060.859
REGION1,ITE2,2034,2116.531
REGION1,ITE2,2035,2172.203
REGION1,ITE2,2036,2227.876
REGION1,ITE2,2037,2283.548
REGION1,ITE2,2038,2339.22
REGION1,ITE2,2039,2394.892
REGION1,ITE2,2040,2450.564
REGION1,ITE2,2041,2506.237
REGION1,ITE2,2042,2561.909
REGION1,ITE2,2043,2617.581
REGION1,ITE2,2044,2673.253
REGION1,ITE2,2045,2728.925
REGION1,ITE2,2046,2784.597
REGION1,ITE2,2047,2840.27
REGION1,ITE2,2048,2895.942
REGION1,ITE2,2049,2951.614
REGION1,ITE2,2050,3007.286
REGION1,ITE2,2051,3062.958
REGION1,ITE2,2052,3118.63
REGION1,ITE2,2053,3174.303
REGION1,ITE2,2054,3229.975
REGION1,ITE2,2055,3285.647
REGION1,ITE2,2056,3341.319
REGION1,ITE2,2057,3396.991
REGION1,ITE2,2058,3452.663
REGION1,ITE2,2059,3508.336
REGION1,ITE2,2060,3564.008
REGION1,LTE2,2015,34.834
REGION1,LTE2,2016,36.377
REGION1,LTE2,2017,37.92
REGION1,LTE2,2018,39.463
REGION1,LTE2,2019,41.006
REGION1,LTE2,2020,42.549
REGION1,LTE2,2021,44.091
REGION1,LTE2,2022,45.634
REGION1,LTE2,2023,47.177
REGION1,LTE2,2024,48.72
REGION1,LTE2,2025,50.263
REGION1,LTE2,2026,51.806
REGION1,LTE2,2027,53.349
REGION1,LTE2,2028,54.892
REGION1,LTE2,2029,56.434
REGION1,LTE2,2030,57.977
REGION1,LTE2,2031,59.52
REGION1,LTE2,2032,61.063
REGION1,LTE2,2033,62.606
REGION1,LTE2,2034,64.149
REGION1,LTE2,2035,65.692
REGION1,LTE2,2036,67.235
REGION1,LTE2,2037,68.777
REGION1,LTE2,2038,70.32
REGION1,LTE2,2039,71.863
REGION1,LTE2,2040,73.406
REGION1,LTE2,2041,74.949
REGION1,LTE2,2042,76.492
REGION1,LTE2,2043,78.035
REGION1,LTE2,2044,79.578
REGION1,LTE2,2045,81.12
REGION1,LTE2,2046,82.663
REGION1,LTE2,2047,84.206
REGION1,LTE2,2048,85.749
REGION1,LTE2,2049,87.292
REGION1,LTE2,2050,88.835
REGION1,LTE2,2051,90.378
REGION1,LTE2,2052,91.921
REGION1,LTE2,2053,93.464
REGION1,LTE2,2054,95.006
REGION1,LTE2,2055,96.549
REGION1,LTE2,2056,98.092
REGION1,LTE2,2057,99.635
REGION1,LTE2,2058,101.178
REGION1,LTE2,2059,102.721
REGION1,LTE2,2060,104.264
REGION1,LUE2,2015,23.32
REGION1,LUE2,2016,25.273
REGION1,LUE2,2017,27.226
REGION1,LUE2,2018,29.179
REGION1,LUE2,2019,31.132
REGION1,LUE2,2020,33.085
REGION1,LUE2,2021,35.037
REGION1,LUE2,2022,36.99
REGION1,LUE2,2023,38.943
REGION1,LUE2,2024,40.896
REGION1,LUE2,2025,42.849
REGION1,LUE2,2026,44.801
REGION1,LUE2,2027,46.754
REGION1,LUE2,2028,48.707
REGION1,LUE2,2029,50.66
REGION1,LUE2,2030,52.613
REGION1,LUE2,2031,54.566
REGION1,LUE2,2032,56.518
REGION1,LUE2,2033,58.471
REGION1,LUE2,2034,60.424
REGION1,LUE2,2035,62.377
REGION1,LUE2,2036,64.33
REGION1,LUE2,2037,66.282
REGION1,LUE2,2038,68.235
REGION1,LUE2,2039,70.188
REGION1,LUE2,2040,72.141
REGION1,LUE2,2041,74.094
REGION1,LUE2,2042,76.047
REGION1,LUE2,2043,77.999
REGION1,LUE2,2044,79.952
REGION1,LUE2,2045,81.905
REGION1,LUE2,2046,83.858
REGION1,LUE2,2047,85.811
REGION1,LUE2,2048,87.763
REGION1,LUE2,2049,89.716
REGION1,LUE2,2050,91.669
REGION1,LUE2,2051,93.622
REGION1,LUE2,2052,95.575
REGION1,LUE2,2053,97.528
REGION1,LUE2,2054,99.48
REGION1,LUE2,2055,101.433
REGION1,LUE2,2056,103.386
REGION1,LUE2,2057,105.339
REGION1,LUE2,2058,107.292
REGION1,LUE2,2059,109.244
REGION1,LUE2,2060,111.197
REGION1,LVE2,2015,23.781
REGION1,LVE2,2016,25.255
REGION1,LVE2,2017,26.729
REGION1,LVE2,2018,28.203
REGION1,LVE2,2019,29.677
REGION1,LVE2,2020,31.151
REGION1,LVE2,2021,32.625
REGION1,LVE2,2022,34.099
REGION1,LVE2,2023,35.573
REGION1,LVE2,2024,37.047
REGION1,LVE2,2025,38.521
REGION1,LVE2,2026,39.995
REGION1,LVE2,2027,41.469
REGION1,LVE2,2028,42.944
REGION1,LVE2,2029,44.418
REGION1,LVE2,2030,45.892
REGION1,LVE2,2031,47.366
REGION1,LVE2,2032,48.84
REGION1,LVE2,2033,50.314
REGION1,LVE2,2034,51.788
REGION1,LVE2,2035,53.262
REGION1,LVE2,2036,54.736
REGION1,LVE2,2037,56.21
REGION1,LVE2,2038,57.684
REGION1,LVE2,2039,59.158
REGION1,LVE2,2040,60.632
REGION1,LVE2,2041,62.106
REGION1,LVE2,2042,63.58
REGION1,LVE2,2043,65.054
REGION1,LVE2,2044,66.528
REGION1,LVE2,2045,68.002
REGION1,LVE2,2046,69.476
REGION1,LVE2,2047,70.95
REGION1,LVE2,2048,72.424
REGION1,LVE2,2049,73.898
REGION1,LVE2,2050,75.372
REGION1,LVE2,2051,76.846
REGION1,LVE2,2052,78.32
REGION1,LVE2,2053,79.794
REGION1,LVE2,2054,81.269
REGION1,LVE2,2055,82.743
REGION1,LVE2,2056,84.217
REGION1,LVE2,2057,85.691
REGION1,LVE2,2058,87.165
REGION1,LVE2,2059,88.639
REGION1,LVE2,2060,90.113
REGION1,MTE2,2015,6.95
REGION1,MTE2,2016,7.427
REGION1,MTE2,2017,7.904
REGION1,MTE2,2018,8.381
REGION1,MTE2,2019,8.858
REGION1,MTE2,2020,9.336
REGION1,MTE2,2021,9.813
REGION1,MTE2,2022,10.29
REGION1,MTE2,2023,10.767
REGION1,MTE2,2024,11.244
REGION1,MTE2,2025,11.721
REGION1,MTE2,2026,12.198
REGION1,MTE2,2027,12.675
REGION1,MTE2,2028,13.152
REGION1,MTE2,2029,13.629
REGION1,MTE2,2030,14.106
REGION1,MTE2,2031,14.583
REGION1,MTE2,2032,15.06
REGION1,MTE2,2033,15.538
REGION1,MTE2,2034,16.015
REGION1,MTE2,2035,16.492
REGION1,MTE2,2036,16.969
REGION1,MTE2,2037,17.446
REGION1,MTE2,2038,17.923
REGION1,MTE2,2039,18.4
REGION1,MTE2,2040,18.877
REGION1,MTE2,2041,19.354
REGION1,MTE2,2042,19.831
REGION1,MTE2,2043,20.308
REGION1,MTE2,2044,20.785
REGION1,MTE2,2045,21.263
REGION1,MTE2,2046,21.74
REGION1,MTE2,2047,22.217
REGION1,MTE2,2048,22.694
REGION1,MTE2,2049,23.171
REGION1,MTE2,2050,23.648
REGION1,MTE2,2051,24.125
REGION1,MTE2,2052,24.602
REGION1,MTE2,2053,25.079
REGION1,MTE2,2054,25.556
REGION1,MTE2,2055,26.033
REGION1,MTE2,2056,26.51
REGION1,MTE2,2057,26.988
REGION1,MTE2,2058,27.465
REGION1,MTE2,2059,27.942
REGION1,MTE2,2060,28.419
REGION1,NLE2,2015,378.236
REGION1,NLE2,2016,396.333
REGION1,NLE2,2017,414.43
REGION1,NLE2,2018,432.527
REGION1,NLE2,2019,450.624
REGION1,NLE2,2020,468.721
REGION1,NLE2,2021,486.819
REGION1,NLE2,2022,504.916
REGION1,NLE2,2023,523.013
REGION1,NLE2,2024,541.11
REGION1,NLE2,2025,559.207
REGION1,NLE2,2026,577.305
REGION1,NLE2,2027,595.402
REGION1,NLE2,2028,613.499
REGION1,NLE2,2029,631.596
REGION1,NLE2,2030,649.693
REGION1,NLE2,2031,667.791
REGION1,NLE2,2032,685.888
REGION1,NLE2,2033,703.985
REGION1,NLE2,2034,722.082
REGION1,NLE2,2035,740.179
REGION1,NLE2,2036,758.276
REGION1,NLE2,2037,776.374
REGION1,NLE2,2038,794.471
REGION1,NLE2,2039,812.568
REGION1,NLE2,2040,830.665
REGION1,NLE2,2041,848.762
REGION1,NLE2,2042,866.86
REGION1,NLE2,2043,884.957
REGION1,NLE2,2044,903.054
REGION1,NLE2,2045,921.151
REGION1,NLE2,2046,939.248
REGION1,NLE2,2047,957.346
REGION1,NLE2,2048,975.443
REGION1,NLE2,2049,993.54
REGION1,NLE2,2050,1011.637
REGION1,NLE2,2051,1029.734
REGION1,NLE2,2052,1047.831
REGION1,NLE2,2053,1065.929
REGION1,NLE2,2054,1084.026
REGION1,NLE2,2055,1102.123
REGION1,NLE2,2056,1120.22
REGION1,NLE2,2057,1138.317
REGION1,NLE2,2058,1156.415
REGION1,NLE2,2059,1174.512
REGION1,NLE2,2060,1192.609
REGION1,NOE2,2015,433.8
REGION1,NOE2,2016,450.562
REGION1,NOE2,2017,467.325
REGION1,NOE2,2018,484.087
REGION1,NOE2,2019,500.85
REGION1,NOE2,2020,517.612
REGION1,NOE2,2021,534.375
REGION1,NOE2,2022,551.137
REGION1,NOE2,2023,567.9
REGION1,NOE2,2024,584.662
REGION1,NOE2,2025,601.425
REGION1,NOE2,2026,618.187
REGION1,NOE2,2027,634.95
REGION1,NOE2,2028,651.712
REGION1,NOE2,2029,668.475
REGION1,NOE2,2030,685.237
REGION1,NOE2,2031,702
REGION1,NOE2,2032,718.762
REGION1,NOE2,2033,735.525
REGION1,NOE2,2034,752.287
REGION1,NOE2,2035,769.05
REGION1,NOE2,2036,785.812
REGION1,NOE2,2037,802.575
REGION1,NOE2,2038,819.337
REGION1,NOE2,2039,836.1
REGION1,NOE2,2040,852.862
REGION1,NOE2,2041,869.625
REGION1,NOE2,2042,886.387
REGION1,NOE2,2043,903.15
REGION1,NOE2,2044,919.912
REGION1,NOE2,2045,936.675
REGION1,NOE2,2046,953.437
REGION1,NOE2,2047,970.2
REGION1,NOE2,2048,986.962
REGION1,NOE2,2049,1003.725
REGION1,NOE2,2050,1020.487
REGION1,NOE2,2051,1037.25
REGION1,NOE2,2052,1054.012
REGION1,NOE2,2053,1070.775
REGION1,NOE2,2054,1087.537
REGION1,NOE2,2055,1104.3
REGION1,NOE2,2056,1121.062
REGION1,NOE2,2057,1137.825
REGION1,NOE2,2058,1154.587
REGION1,NOE2,2059,1171.35
REGION1,NOE2,2060,1188.112
REGION1,PLE2,2015,461.009
REGION1,PLE2,2016,491.856
REGION1,PLE2,2017,522.703
REGION1,PLE2,2018,553.55
REGION1,PLE2,2019,584.397
REGION1,PLE2,2020,615.245
REGION1,PLE2,2021,646.092
REGION1,PLE2,2022,676.939
REGION1,PLE2,2023,707.786
REGION1,PLE2,2024,738.633
REGION1,PLE2,2025,769.481
REGION1,PLE2,2026,800.328
REGION1,PLE2,2027,831.175
REGION1,PLE2,2028,862.022
REGION1,PLE2,2029,892.869
REGION1,PLE2,2030,923.717
REGION1,PLE2,2031,954.564
REGION1,PLE2,2032,985.411
REGION1,PLE2,2033,1016.258
REGION1,PLE2,2034,1047.105
REGION1,PLE2,2035,1077.953
REGION1,PLE2,2036,1108.8
REGION1,PLE2,2037,1139.647
REGION1,PLE2,2038,1170.494
REGION1,PLE2,2039,1201.342
REGION1,PLE2,2040,1232.189
REGION1,PLE2,2041,1263.036
REGION1,PLE2,2042,1293.883
REGION1,PLE2,2043,1324.73
REGION1,PLE2,2044,1355.578
REGION1,PLE2,2045,1386.425
REGION1,PLE2,2046,1417.272
REGION1,PLE2,2047,1448.119
REGION1,PLE2,2048,1478.966
REGION1,PLE2,2049,1509.814
REGION1,PLE2,2050,1540.661
REGION1,PLE2,2051,1571.508
REGION1,PLE2,2052,1602.355
REGION1,PLE2,2053,1633.202
REGION1,PLE2,2054,1664.05
REGION1,PLE2,2055,1694.897
REGION1,PLE2,2056,1725.744
REGION1,PLE2,2057,1756.591
REGION1,PLE2,2058,1787.438
REGION1,PLE2,2059,1818.286
REGION1,PLE2,2060,1849.133
REGION1,PTE2,2015,161.82
REGION1,PTE2,2016,168.3
REGION1,PTE2,2017,174.781
REGION1,PTE2,2018,181.262
REGION1,PTE2,2019,187.742
REGION1,PTE2,2020,194.223
REGION1,PTE2,2021,200.704
REGION1,PTE2,2022,207.184
REGION1,PTE2,2023,213.665
REGION1,PTE2,2024,220.145
REGION1,PTE2,2025,226.626
REGION1,PTE2,2026,233.107
REGION1,PTE2,2027,239.587
REGION1,PTE2,2028,246.068
REGION1,PTE2,2029,252.549
REGION1,PTE2,2030,259.029
REGION1,PTE2,2031,265.51
REGION1,PTE2,2032,271.99
REGION1,PTE2,2033,278.471
REGION1,PTE2,2034,284.952
REGION1,PTE2,2035,291.432
REGION1,PTE2,2036,297.913
REGION1,PTE2,2037,304.393
REGION1,PTE2,2038,310.874
REGION1,PTE2,2039,317.355
REGION1,PTE2,2040,323.835
REGION1,PTE2,2041,330.316
REGION1,PTE2,2042,336.797
REGION1,PTE2,2043,343.277
REGION1,PTE2,2044,349.758
REGION1,PTE2,2045,356.238
REGION1,PTE2,2046,362.719
REGION1,PTE2,2047,369.2
REGION1,PTE2,2048,375.68
REGION1,PTE2,2049,382.161
REGION1,PTE2,2050,388.642
REGION1,PTE2,2051,395.122
REGION1,PTE2,2052,401.603
REGION1,PTE2,2053,408.083
REGION1,PTE2,2054,414.564
REGION1,PTE2,2055,421.045
REGION1,PTE2,2056,427.525
REGION1,PTE2,2057,434.006
REGION1,PTE2,2058,440.487
REGION1,PTE2,2059,446.967
REGION1,PTE2,2060,453.448
REGION1,ROE2,2015,154.2
REGION1,ROE2,2016,163.345
REGION1,ROE2,2017,172.491
REGION1,ROE2,2018,181.636
REGION1,ROE2,2019,190.781
REGION1,ROE2,2020,199.927
REGION1,ROE2,2021,209.072
REGION1,ROE2,2022,218.217
REGION1,ROE2,2023,227.363
REGION1,ROE2,2024,236.508
REGION1,ROE2,2025,245.654
REGION1,ROE2,2026,254.799
REGION1,ROE2,2027,263.944
REGION1,ROE2,2028,273.09
REGION1,ROE2,2029,282.235
REGION1,ROE2,2030,291.38
REGION1,ROE2,2031,300.526
REGION1,ROE2,2032,309.671
REGION1,ROE2,2033,318.817
REGION1,ROE2,2034,327.962
REGION1,ROE2,2035,337.107
REGION1,ROE2,2036,346.253
REGION1,ROE2,2037,355.398
REGION1,ROE2,2038,364.543
REGION1,ROE2,2039,373.689
REGION1,ROE2,2040,382.834
REGION1,ROE2,2041,391.98
REGION1,ROE2,2042,401.125
REGION1,ROE2,2043,410.27
REGION1,ROE2,2044,419.416
REGION1,ROE2,2045,428.561
REGION1,ROE2,2046,437.706
REGION1,ROE2,2047,446.852
REGION1,ROE2,2048,455.997
REGION1,ROE2,2049,465.143
REGION1,ROE2,2050,474.288
REGION1,ROE2,2051,483.433
REGION1,ROE2,2052,492.579
REGION1,ROE2,2053,501.724
REGION1,ROE2,2054,510.869
REGION1,ROE2,2055,520.015
REGION1,ROE2,2056,529.16
REGION1,ROE2,2057,538.306
REGION1,ROE2,2058,547.451
REGION1,ROE2,2059,556.596
REGION1,ROE2,2060,565.742
REGION1,SEE2,2015,464.819
REGION1,SEE2,2016,487.613
REGION1,SEE2,2017,510.408
REGION1,SEE2,2018,533.203
REGION1,SEE2,2019,555.998
REGION1,SEE2,2020,578.793
REGION1,SEE2,2021,601.588
REGION1,SEE2,2022,624.383
REGION1,SEE2,2023,647.178
REGION1,SEE2,2024,669.973
REGION1,SEE2,2025,692.768
REGION1,SEE2,2026,715.563
REGION1,SEE2,2027,738.358
REGION1,SEE2,2028,761.153
REGION1,SEE2,2029,783.948
REGION1,SEE2,2030,806.743
REGION1,SEE2,2031,829.538
REGION1,SEE2,2032,852.333
REGION1,SEE2,2033,875.128
REGION1,SEE2,2034,897.923
REGION1,SEE2,2035,920.718
REGION1,SEE2,2036,943.513
REGION1,SEE2,2037,966.308
REGION1,SEE2,2038,989.103
REGION1,SEE2,2039,1011.898
REGION1,SEE2,2040,1034.693
REGION1,SEE2,2041,1057.488
REGION1,SEE2,2042,1080.282
REGION1,SEE2,2043,1103.077
REGION1,SEE2,2044,1125.872
REGION1,SEE2,2045,1148.667
REGION1,SEE2,2046,1171.462
REGION1,SEE2,2047,1194.257
REGION1,SEE2,2048,1217.052
REGION1,SEE2,2049,1239.847
REGION1,SEE2,2050,1262.642
REGION1,SEE2,2051,1285.437
REGION1,SEE2,2052,1308.232
REGION1,SEE2,2053,1331.027
REGION1,SEE2,2054,1353.822
REGION1,SEE2,2055,1376.617
REGION1,SEE2,2056,1399.412
REGION1,SEE2,2057,1422.207
REGION1,SEE2,2058,1445.002
REGION1,SEE2,2059,1467.797
REGION1,SEE2,2060,1490.592
REGION1,SIE2,2015,45.971
REGION1,SIE2,2016,48.408
REGION1,SIE2,2017,50.845
REGION1,SIE2,2018,53.281
REGION1,SIE2,2019,55.718
REGION1,SIE2,2020,58.155
REGION1,SIE2,2021,60.592
REGION1,SIE2,2022,63.029
REGION1,SIE2,2023,65.466
REGION1,SIE2,2024,67.902
REGION1,SIE2,2025,70.339
REGION1,SIE2,2026,72.776
REGION1,SIE2,2027,75.213
REGION1,SIE2,2028,77.65
REGION1,SIE2,2029,80.086
REGION1,SIE2,2030,82.523
REGION1,SIE2,2031,84.96
REGION1,SIE2,2032,87.397
REGION1,SIE2,2033,89.834
REGION1,SIE2,2034,92.271
REGION1,SIE2,2035,94.707
REGION1,SIE2,2036,97.144
REGION1,SIE2,2037,99.581
REGION1,SIE2,2038,102.018
REGION1,SIE2,2039,104.455
REGION1,SIE2,2040,106.891
REGION1,SIE2,2041,109.328
REGION1,SIE2,2042,111.765
REGION1,SIE2,2043,114.202
REGION1,SIE2,2044,116.639
REGION1,SIE2,2045,119.075
REGION1,SIE2,2046,121.512
REGION1,SIE2,2047,123.949
REGION1,SIE2,2048,126.386
REGION1,SIE2,2049,128.823
REGION1,SIE2,2050,131.26
REGION1,SIE2,2051,133.696
REGION1,SIE2,2052,136.133
REGION1,SIE2,2053,138.57
REGION1,SIE2,2054,141.007
REGION1,SIE2,2055,143.444
REGION1,SIE2,2056,145.88
REGION1,SIE2,2057,148.317
REGION1,SIE2,2058,150.754
REGION1,SIE2,2059,153.191
REGION1,SIE2,2060,155.628
REGION1,SKE2,2015,92.905
REGION1,SKE2,2016,97.696
REGION1,SKE2,2017,102.486
REGION1,SKE2,2018,107.276
REGION1,SKE2,2019,112.067
REGION1,SKE2,2020,116.857
REGION1,SKE2,2021,121.648
REGION1,SKE2,2022,126.438
REGION1,SKE2,2023,131.229
REGION1,SKE2,2024,136.019
REGION1,SKE2,2025,140.809
REGION1,SKE2,2026,145.6
REGION1,SKE2,2027,150.39
REGION1,SKE2,2028,155.181
REGION1,SKE2,2029,159.971
REGION1,SKE2,2030,164.762
REGION1,SKE2,2031,169.552
REGION1,SKE2,2032,174.343
REGION1,SKE2,2033,179.133
REGION1,SKE2,2034,183.923
REGION1,SKE2,2035,188.714
REGION1,SKE2,2036,193.504
REGION1,SKE2,2037,198.295
REGION1,SKE2,2038,203.085
REGION1,SKE2,2039,207.876
REGION1,SKE2,2040,212.666
REGION1,SKE2,2041,217.457
REGION1,SKE2,2042,222.247
REGION1,SKE2,2043,227.037
REGION1,SKE2,2044,231.828
REGION1,SKE2,2045,236.618
REGION1,SKE2,2046,241.409
REGION1,SKE2,2047,246.199
REGION1,SKE2,2048,250.99
REGION1,SKE2,2049,255.78
REGION1,SKE2,2050,260.571
REGION1,SKE2,2051,265.361
REGION1,SKE2,2052,270.151
REGION1,SKE2,2053,274.942
REGION1,SKE2,2054,279.732
REGION1,SKE2,2055,284.523
REGION1,SKE2,2056,289.313
REGION1,SKE2,2057,294.104
REGION1,SKE2,2058,298.894
REGION1,SKE2,2059,303.684
REGION1,SKE2,2060,308.475
REGION1,UKE2,2015,1160.037
REGION1,UKE2,2016,1222.198
REGION1,UKE2,2017,1284.36
REGION1,UKE2,2018,1346.521
REGION1,UKE2,2019,1408.683
REGION1,UKE2,2020,1470.845
REGION1,UKE2,2021,1533.006
REGION1,UKE2,2022,1595.168
REGION1,UKE2,2023,1657.329
REGION1,UKE2,2024,1719.491
REGION1,UKE2,2025,1781.653
REGION1,UKE2,2026,1843.814
REGION1,UKE2,2027,1905.976
REGION1,UKE2,2028,1968.137
REGION1,UKE2,2029,2030.299
REGION1,UKE2,2030,2092.461
REGION1,UKE2,2031,2154.622
REGION1,UKE2,2032,2216.784
REGION1,UKE2,2033,2278.945
REGION1,UKE2,2034,2341.107
REGION1,UKE2,2035,2403.268
REGION1,UKE2,2036,2465.43
REGION1,UKE2,2037,2527.592
REGION1,UKE2,2038,2589.753
REGION1,UKE2,2039,2651.915
REGION1,UKE2,2040,2714.076
REGION1,UKE2,2041,2776.238
REGION1,UKE2,2042,2838.4
REGION1,UKE2,2043,2900.561
REGION1,UKE2,2044,2962.723
REGION1,UKE2,2045,3024.884
REGION1,UKE2,2046,3087.046
REGION1,UKE2,2047,3149.208
REGION1,UKE2,2048,3211.369
REGION1,UKE2,2049,3273.531
REGION1,UKE2,2050,3335.692
REGION1,UKE2,2051,3397.854
REGION1,UKE2,2052,3460.015
REGION1,UKE2,2053,3522.177
REGION1,UKE2,2054,3584.339
REGION1,UKE2,2055,3646.5
REGION1,UKE2,2056,3708.662
REGION1,UKE2,2057,3770.823
REGION1,UKE2,2058,3832.985
REGION1,UKE2,2059,3895.147
REGION1,UKE2,2060,3957.308